0	X
__UNDEF__	X
ADJ:card	NUM
ADJ:obj:femi:pl	ADJ
ADJ:obj:femi:sg	ADJ
ADJ:obj:masc:pl	ADJ
ADJ:obj:masc:sg	ADJ
ADJ:ord:obj:femi:pl	ADJ
ADJ:ord:obj:femi:sg	ADJ
ADJ:ord:obj:masc:pl	ADJ
ADJ:ord:obj:masc:sg	ADJ
ADJ:ord:suj:femi:pl	ADJ
ADJ:ord:suj:femi:sg	ADJ
ADJ:ord:suj:masc:pl	ADJ
ADJ:ord:suj:masc:sg	ADJ
ADJ:poss:obj:femi:pl	ADJ
ADJ:poss:obj:femi:sg	ADJ
ADJ:poss:obj:masc:pl	ADJ
ADJ:poss:obj:masc:sg	ADJ
ADJ:poss:suj:femi:pl	ADJ
ADJ:poss:suj:femi:sg	ADJ
ADJ:poss:suj:masc:pl	ADJ
ADJ:poss:suj:masc:sg	ADJ
ADJ:suj:femi:pl	ADJ
ADJ:suj:femi:sg	ADJ
ADJ:suj:masc:pl	ADJ
ADJ:suj:masc:sg	ADJ
ADV	ADV
CON:coord	CCONJ
CON:subord	SCONJ
DET:def	DET
DET:def:obj:femi:pl	DET
DET:def:obj:femi:sg	DET
DET:def:obj:masc:pl	DET
DET:def:obj:masc:sg	DET
DET:def:suj:femi:pl	DET
DET:def:suj:femi:sg	DET
DET:def:suj:masc:pl	DET
DET:def:suj:masc:sg	DET
DET:demo:obj:femi:pl	DET
DET:demo:obj:femi:sg	DET
DET:demo:obj:masc:pl	DET
DET:demo:obj:masc:sg	DET
DET:demo:suj:femi:pl	DET
DET:demo:suj:femi:sg	DET
DET:demo:suj:masc:pl	DET
DET:demo:suj:masc:sg	DET
DET:ind:obj:femi:pl	DET
DET:ind:obj:femi:sg	DET
DET:ind:obj:masc:pl	DET
DET:ind:obj:masc:sg	DET
DET:ind:suj:femi:pl	DET
DET:ind:suj:femi:sg	DET
DET:ind:suj:masc:pl	DET
DET:ind:suj:masc:sg	DET
DET:ndf:obj:femi:pl	DET
DET:ndf:obj:femi:sg	DET
DET:ndf:obj:masc:pl	DET
DET:ndf:obj:masc:sg	DET
DET:ndf:suj:femi:pl	DET
DET:ndf:suj:femi:sg	DET
DET:ndf:suj:masc:pl	DET
DET:ndf:suj:masc:sg	DET
DET:poss:obj:femi:pl	DET
DET:poss:obj:femi:sg	DET
DET:poss:obj:masc:pl	DET
DET:poss:obj:masc:sg	DET
DET:poss:suj:femi:pl	DET
DET:poss:suj:femi:sg	DET
DET:poss:suj:masc:pl	DET
DET:poss:suj:masc:sg	DET
EXC	INTJ
NOM:obj:femi:pl	NOUN
NOM:obj:femi:sg	NOUN
NOM:obj:masc:pl	NOUN
NOM:obj:masc:sg	NOUN
NOM:suj:femi:pl	NOUN
NOM:suj:femi:sg	NOUN
NOM:suj:masc:pl	NOUN
NOM:suj:masc:sg	NOUN
NPR:obj:femi:pl	PROPN
NPR:obj:femi:sg	PROPN
NPR:obj:masc:pl	PROPN
NPR:obj:masc:sg	PROPN
NPR:suj:femi:sg	PROPN
NPR:suj:masc:pl	PROPN
NPR:suj:masc:sg	PROPN
PON	PUNCT
PON:cit	PUNCT
PRE	ADP
PREDET:a:obj:femi:pl	ADP.DET
PREDET:a:obj:femi:sg	ADP.DET
PREDET:a:obj:masc:pl	ADP.DET
PREDET:a:obj:masc:sg	ADP.DET
PREDET:a:suj:masc:sg	ADP.DET
PREDET:de:obj:femi:pl	ADP.DET
PREDET:de:obj:femi:sg	ADP.DET
PREDET:de:obj:masc:pl	ADP.DET
PREDET:de:obj:masc:sg	ADP.DET
PREDET:de:suj:masc:pl	ADP.DET
PREDET:de:suj:masc:sg	ADP.DET
PREDET:en:obj:femi:pl	ADP.DET
PREDET:en:obj:femi:sg	ADP.DET
PREDET:en:obj:masc:pl	ADP.DET
PREDET:en:obj:masc:sg	ADP.DET
PREDET:en:suj:masc:pl	ADP.DET
PREDET:en:suj:masc:sg	ADP.DET
PRO:clit	ADV|PRON
PRO:demo:obj:femi:pl	PRON
PRO:demo:obj:femi:sg	PRON
PRO:demo:obj:masc:pl	PRON
PRO:demo:obj:masc:sg	PRON
PRO:demo:suj:femi:pl	PRON
PRO:demo:suj:femi:sg	PRON
PRO:demo:suj:masc:pl	PRON
PRO:demo:suj:masc:sg	PRON
PRO:ind	PRON
PRO:ind:obj:femi:pl	PRON
PRO:ind:obj:femi:sg	PRON
PRO:ind:obj:masc:pl	PRON
PRO:ind:obj:masc:sg	PRON
PRO:ind:suj:femi:pl	PRON
PRO:ind:suj:femi:sg	PRON
PRO:ind:suj:masc:pl	PRON
PRO:ind:suj:masc:sg	PRON
PRO:invar	PRON
PRO:pers:1:pl	PRON
PRO:pers:2:pl	PRON
PRO:pers:acc:3:femi:pl	PRON
PRO:pers:acc:3:femi:pl:bet	PRON
PRO:pers:acc:3:femi:sg	PRON
PRO:pers:acc:3:femi:sg:bet	PRON
PRO:pers:acc:3:masc:pl	PRON
PRO:pers:acc:3:masc:pl:bet	PRON
PRO:pers:dat:1:pl	PRON
PRO:pers:dat:2:pl	PRON
PRO:pers:dat:3:femi:pl	PRON
PRO:pers:dat:3:femi:sg	PRON
PRO:pers:dat:3:pl	PRON
PRO:pers:obj:1:pl	PRON
PRO:pers:obj:1:pl:bet	PRON
PRO:pers:obj:1:sg:bet	PRON
PRO:pers:obj:1:sg:unb	PRON
PRO:pers:obj:2:pl	PRON
PRO:pers:obj:2:pl:bet	PRON
PRO:pers:obj:2:sg:bet	PRON
PRO:pers:obj:2:sg:unb	PRON
PRO:pers:obj:3:masc:sg:bet	PRON
PRO:pers:obj:3:masc:sg:unb	PRON
PRO:pers:suj:1:sg:bet	PRON
PRO:pers:suj:1:sg:unb	PRON
PRO:pers:suj:2:sg:bet	PRON
PRO:pers:suj:2:sg:unb	PRON
PRO:pers:suj:3:femi:pl	PRON
PRO:pers:suj:3:femi:sg	PRON
PRO:pers:suj:3:masc:pl	PRON
PRO:pers:suj:3:masc:sg:bet	PRON
PRO:pers:suj:3:masc:sg:unb	PRON
PRO:poss:obj:femi:pl	PRON
PRO:poss:obj:femi:sg	PRON
PRO:poss:obj:masc:pl	PRON
PRO:poss:obj:masc:sg	PRON
PRO:poss:suj:femi:pl	PRON
PRO:poss:suj:femi:sg	PRON
PRO:poss:suj:masc:pl	PRON
PRO:poss:suj:masc:sg	PRON
PROCON	ADV|CCONJ|PRON|SCONJ
VER:cond:1:pl	VERB
VER:cond:1:sg	VERB
VER:cond:2:pl	VERB
VER:cond:2:sg	VERB
VER:cond:3:pl	VERB
VER:cond:3:sg	VERB
VER:futu:1:pl	VERB
VER:futu:1:sg	VERB
VER:futu:2:pl	VERB
VER:futu:2:sg	VERB
VER:futu:3:pl	VERB
VER:futu:3:sg	VERB
VER:impe:1:pl	VERB
VER:impe:2:pl	VERB
VER:impe:2:sg	VERB
VER:impf:1:pl	VERB
VER:impf:1:sg	VERB
VER:impf:2:pl	VERB
VER:impf:2:sg	VERB
VER:impf:3:pl	VERB
VER:impf:3:sg	VERB
VER:infi	VERB
VER:pper:femi:pl	VERB
VER:pper:femi:sg	VERB
VER:pper:masc:pl	VERB
VER:pper:masc:sg	VERB
VER:ppre	VERB
VER:ppre:pl	VERB
VER:pres:1:pl	VERB
VER:pres:1:sg	VERB
VER:pres:2:pl	VERB
VER:pres:2:sg	VERB
VER:pres:3:pl	VERB
VER:pres:3:sg	VERB
VER:simp:1:pl	VERB
VER:simp:1:sg	VERB
VER:simp:2:pl	VERB
VER:simp:2:sg	VERB
VER:simp:3:pl	VERB
VER:simp:3:sg	VERB
VER:subi:1:pl	VERB
VER:subi:1:sg	VERB
VER:subi:2:pl	VERB
VER:subi:2:sg	VERB
VER:subi:3:pl	VERB
VER:subi:3:sg	VERB
VER:subp:1:pl	VERB
VER:subp:1:sg	VERB
VER:subp:2:pl	VERB
VER:subp:2:sg	VERB
VER:subp:3:pl	VERB
VER:subp:3:sg	VERB
